timestamp,user_id,session_id,page_type,product_id,action
2025-06-02T00:01:37.460215,user_67,sess_9248,checkout,,abandon
2025-06-01T22:56:48.460215,user_67,sess_9005,checkout,,abandon
2025-06-02T09:26:55.460215,user_13,sess_9895,checkout,,abandon
2025-06-01T22:46:10.460215,user_94,sess_6722,checkout,,purchase
2025-06-02T12:36:03.460215,user_89,sess_4896,checkout,,abandon
2025-06-02T05:57:46.460215,user_7,sess_6649,checkout,,purchase
2025-06-02T07:28:43.460215,user_39,sess_1428,checkout,,click
2025-06-02T05:15:14.460215,user_68,sess_1498,checkout,,abandon
2025-06-01T23:23:57.460215,user_19,sess_2114,checkout,,purchase
2025-06-02T13:20:21.460215,user_35,sess_1798,checkout,,abandon
2025-06-02T12:29:57.460215,user_81,sess_5231,checkout,,abandon
2025-06-02T07:16:13.460215,user_91,sess_5614,checkout,,abandon
2025-06-02T12:51:16.460215,user_80,sess_2709,checkout,,abandon
2025-06-02T12:15:37.460215,user_37,sess_9699,checkout,,click
2025-06-02T00:55:27.460215,user_51,sess_7625,checkout,,click
2025-06-01T22:42:51.460215,user_66,sess_4576,checkout,,click
2025-06-02T05:06:05.460215,user_73,sess_5183,checkout,,abandon
2025-06-02T09:09:50.460215,user_59,sess_9740,checkout,,abandon
2025-06-02T05:22:55.460215,user_22,sess_1511,checkout,,click
2025-06-02T17:00:23.460215,user_7,sess_1364,checkout,,abandon
2025-06-02T18:39:48.460215,user_22,sess_8596,checkout,,abandon
2025-06-02T17:14:09.460215,user_80,sess_8686,checkout,,abandon
2025-06-02T00:22:39.460215,user_11,sess_7835,checkout,,abandon
2025-06-02T17:29:56.460215,user_15,sess_2692,checkout,,abandon
2025-06-02T18:17:07.460215,user_100,sess_5914,checkout,,purchase
2025-06-02T15:09:05.460215,user_8,sess_4497,checkout,,abandon
2025-06-02T02:08:59.460215,user_21,sess_3490,checkout,,purchase
2025-06-01T23:40:23.460215,user_3,sess_7551,checkout,,click
2025-06-01T21:16:31.460215,user_9,sess_2693,checkout,,abandon
2025-06-02T07:22:36.460215,user_78,sess_2120,checkout,,purchase
2025-06-02T16:21:41.460215,user_39,sess_8791,checkout,,click
2025-06-02T13:59:27.460215,user_13,sess_3901,checkout,,click
2025-06-02T07:36:52.460215,user_23,sess_6547,checkout,,abandon
2025-06-02T12:31:34.460215,user_18,sess_8230,checkout,,purchase
2025-06-02T08:28:05.460215,user_29,sess_8929,checkout,,purchase
2025-06-02T06:51:39.460215,user_6,sess_5742,checkout,,click
2025-06-02T08:03:20.460215,user_73,sess_8145,checkout,,purchase
2025-06-02T04:26:15.460215,user_5,sess_5933,checkout,,abandon
2025-06-02T08:27:46.460215,user_72,sess_1425,checkout,,purchase
2025-06-02T14:35:28.460215,user_44,sess_2869,checkout,,abandon
2025-06-01T19:40:32.460215,user_9,sess_1418,checkout,,purchase
2025-06-02T04:29:11.460215,user_38,sess_8068,checkout,,abandon
2025-06-02T13:39:41.460215,user_68,sess_6502,checkout,,abandon
2025-06-02T16:53:35.460215,user_65,sess_2440,checkout,,purchase
2025-06-02T01:17:51.460215,user_53,sess_7635,checkout,,click
2025-06-02T00:57:16.460215,user_62,sess_9706,checkout,,purchase
2025-06-02T15:44:48.460215,user_56,sess_1922,checkout,,purchase
2025-06-02T16:04:54.460215,user_33,sess_4026,checkout,,purchase
2025-06-02T13:53:41.460215,user_62,sess_7664,checkout,,click
2025-06-02T11:12:16.460215,user_89,sess_2388,checkout,,click
2025-06-02T13:04:28.460215,user_78,sess_7998,checkout,,click
2025-06-02T03:38:24.460215,user_28,sess_4626,checkout,,abandon
2025-06-01T19:26:59.460215,user_36,sess_8596,checkout,,click
2025-06-01T21:38:43.460215,user_65,sess_6195,checkout,,purchase
2025-06-02T13:54:14.460215,user_69,sess_4055,checkout,,abandon
2025-06-02T08:36:34.460215,user_18,sess_9038,checkout,,purchase
2025-06-02T02:45:24.460215,user_83,sess_2685,checkout,,purchase
2025-06-02T14:09:05.460215,user_27,sess_7828,checkout,,click
2025-06-02T00:19:44.460215,user_82,sess_9770,checkout,,purchase
2025-06-01T23:11:38.460215,user_71,sess_5394,checkout,,purchase
2025-06-02T17:36:32.460215,user_21,sess_8129,checkout,,abandon
2025-06-02T08:36:11.460215,user_73,sess_7749,checkout,,click
2025-06-01T21:45:52.460215,user_88,sess_1103,checkout,,click
2025-06-02T09:11:47.460215,user_99,sess_4956,checkout,,abandon
2025-06-02T09:08:04.460215,user_64,sess_4067,checkout,,abandon
2025-06-01T21:54:16.460215,user_8,sess_1926,checkout,,purchase
2025-06-02T00:23:13.460215,user_41,sess_7529,checkout,,click
2025-06-02T15:06:48.460215,user_67,sess_7674,checkout,,abandon
2025-06-02T04:12:40.460215,user_60,sess_1440,checkout,,abandon
2025-06-02T01:53:42.460215,user_50,sess_5100,checkout,,abandon
2025-06-02T10:11:01.460215,user_18,sess_8150,checkout,,purchase
2025-06-02T15:35:46.460215,user_32,sess_1381,checkout,,abandon
2025-06-01T19:35:19.460215,user_50,sess_4800,checkout,,click
2025-06-02T08:06:11.460215,user_90,sess_9588,checkout,,click
2025-06-02T18:03:12.460215,user_1,sess_8540,checkout,,abandon
2025-06-02T17:21:47.460215,user_86,sess_8362,checkout,,purchase
2025-06-02T01:57:45.460215,user_85,sess_3094,checkout,,abandon
2025-06-01T22:16:11.460215,user_2,sess_9948,checkout,,purchase
2025-06-02T00:57:08.460215,user_80,sess_3174,checkout,,abandon
2025-06-02T01:49:01.460215,user_27,sess_4309,checkout,,purchase
2025-06-02T12:08:17.460215,user_91,sess_7354,checkout,,click
2025-06-02T13:45:26.460215,user_96,sess_8743,checkout,,click
2025-06-02T00:16:43.460215,user_55,sess_7557,checkout,,purchase
2025-06-02T16:34:52.460215,user_4,sess_4284,checkout,,purchase
2025-06-02T09:15:05.460215,user_25,sess_9521,checkout,,click
2025-06-01T22:06:59.460215,user_16,sess_5651,checkout,,click
2025-06-02T13:05:25.460215,user_10,sess_3112,checkout,,click
2025-06-02T11:12:43.460215,user_39,sess_6935,checkout,,purchase
2025-06-02T03:24:30.460215,user_45,sess_6374,checkout,,purchase
2025-06-02T15:50:28.460215,user_40,sess_2873,checkout,,abandon
2025-06-02T03:16:29.460215,user_11,sess_9710,checkout,,purchase
2025-06-02T05:01:41.460215,user_67,sess_2401,checkout,,click
2025-06-02T00:03:34.460215,user_32,sess_1376,checkout,,purchase
2025-06-01T20:23:33.460215,user_70,sess_3302,checkout,,purchase
2025-06-01T19:11:29.460215,user_3,sess_2742,checkout,,click
2025-06-01T20:30:01.460215,user_87,sess_8767,checkout,,abandon
2025-06-01T22:28:53.460215,user_12,sess_7493,checkout,,purchase
2025-06-02T14:40:34.460215,user_87,sess_7373,checkout,,click
2025-06-02T05:23:23.460215,user_84,sess_5959,checkout,,abandon
2025-06-02T09:48:57.460215,user_12,sess_8466,checkout,,abandon
2025-06-02T04:17:08.460215,user_83,sess_8455,checkout,,click
2025-06-02T04:01:40.460215,user_22,sess_3536,checkout,,click
2025-06-02T11:24:45.460215,user_18,sess_4339,checkout,,abandon
2025-06-02T04:21:27.460215,user_35,sess_2990,checkout,,abandon
2025-06-02T00:07:20.460215,user_27,sess_5199,checkout,,abandon
2025-06-02T12:27:13.460215,user_41,sess_8025,checkout,,click
2025-06-02T09:51:52.460215,user_75,sess_5898,checkout,,click
2025-06-02T13:45:57.460215,user_73,sess_7740,checkout,,abandon
2025-06-02T12:27:46.460215,user_54,sess_5073,checkout,,abandon
2025-06-02T14:38:09.460215,user_70,sess_3082,checkout,,abandon
2025-06-01T23:41:02.460215,user_90,sess_7158,checkout,,purchase
2025-06-02T14:52:50.460215,user_43,sess_5411,checkout,,purchase
2025-06-01T20:09:36.460215,user_44,sess_3270,checkout,,abandon
2025-06-02T11:22:47.460215,user_48,sess_7289,checkout,,click
2025-06-02T10:26:14.460215,user_41,sess_8683,checkout,,abandon
2025-06-02T16:01:42.460215,user_98,sess_2396,checkout,,abandon
2025-06-02T03:10:25.460215,user_84,sess_5391,checkout,,purchase
2025-06-02T06:08:52.460215,user_10,sess_7213,checkout,,purchase
2025-06-02T14:20:19.460215,user_34,sess_5740,checkout,,abandon
2025-06-02T17:14:22.460215,user_66,sess_8478,checkout,,abandon
2025-06-01T19:41:46.460215,user_38,sess_1735,checkout,,abandon
2025-06-02T10:53:40.460215,user_75,sess_5739,checkout,,abandon
2025-06-02T00:24:52.460215,user_45,sess_7123,checkout,,click
2025-06-02T10:07:46.460215,user_70,sess_6474,checkout,,purchase
2025-06-02T07:47:55.460215,user_86,sess_7068,checkout,,abandon
2025-06-02T05:36:18.460215,user_84,sess_6925,checkout,,abandon
2025-06-02T03:54:09.460215,user_61,sess_3493,checkout,,abandon
2025-06-02T15:57:17.460215,user_68,sess_2696,checkout,,click
2025-06-02T10:23:26.460215,user_79,sess_9243,checkout,,abandon
2025-06-01T22:43:43.460215,user_61,sess_8742,checkout,,abandon
2025-06-02T15:01:39.460215,user_25,sess_3519,checkout,,purchase
2025-06-02T15:40:52.460215,user_94,sess_6575,checkout,,purchase
2025-06-01T21:49:34.460215,user_37,sess_3721,checkout,,purchase
2025-06-02T05:41:41.460215,user_42,sess_5320,checkout,,abandon
2025-06-02T05:07:00.460215,user_93,sess_7062,checkout,,abandon
2025-06-02T01:56:26.460215,user_34,sess_9394,checkout,,click
2025-06-01T23:16:03.460215,user_52,sess_6583,checkout,,abandon
2025-06-02T17:15:12.460215,user_21,sess_1175,checkout,,purchase
2025-06-02T17:21:17.460215,user_16,sess_5828,checkout,,purchase
2025-06-02T10:51:21.460215,user_78,sess_1992,checkout,,abandon
2025-06-01T22:09:24.460215,user_47,sess_9463,checkout,,purchase
2025-06-01T20:29:28.460215,user_53,sess_5053,checkout,,abandon
2025-06-01T19:01:51.460215,user_54,sess_3515,checkout,,purchase
2025-06-02T00:17:10.460215,user_96,sess_7697,checkout,,click
2025-06-02T03:42:00.460215,user_24,sess_5415,checkout,,purchase
2025-06-02T10:13:39.460215,user_39,sess_6600,checkout,,abandon
2025-06-02T08:25:45.460215,user_64,sess_5842,checkout,,click
2025-06-02T09:50:34.460215,user_9,sess_4388,checkout,,click
2025-06-01T18:45:43.460215,user_28,sess_3849,checkout,,click
2025-06-01T22:04:15.460215,user_5,sess_9621,checkout,,abandon
2025-06-02T10:56:22.460215,user_89,sess_6794,checkout,,purchase
2025-06-01T18:51:33.460215,user_73,sess_8210,checkout,,abandon
2025-06-02T17:26:33.460215,user_88,sess_9143,checkout,,purchase
2025-06-02T06:20:53.460215,user_3,sess_6472,checkout,,click
2025-06-01T20:18:56.460215,user_22,sess_5329,checkout,,click
2025-06-02T04:10:28.460215,user_52,sess_7466,checkout,,abandon
2025-06-01T18:59:40.460215,user_41,sess_4892,checkout,,click
2025-06-01T22:21:00.460215,user_58,sess_4267,checkout,,purchase
2025-06-01T23:27:07.460215,user_95,sess_5620,checkout,,click
2025-06-02T03:13:57.460215,user_70,sess_1839,checkout,,purchase
2025-06-02T09:28:09.460215,user_49,sess_6312,checkout,,abandon
2025-06-02T10:39:25.460215,user_97,sess_7958,checkout,,click
2025-06-02T09:12:15.460215,user_13,sess_7200,checkout,,click
2025-06-01T19:49:11.460215,user_26,sess_8816,checkout,,abandon
2025-06-01T19:42:21.460215,user_33,sess_2928,checkout,,purchase
2025-06-01T22:24:15.460215,user_63,sess_6046,checkout,,abandon
2025-06-02T10:07:23.460215,user_26,sess_6697,checkout,,purchase
2025-06-02T00:28:48.460215,user_23,sess_4425,checkout,,abandon
2025-06-01T20:21:18.460215,user_55,sess_8797,checkout,,abandon
2025-06-02T05:37:10.460215,user_12,sess_4056,checkout,,purchase
2025-06-02T16:50:39.460215,user_82,sess_7663,checkout,,abandon
2025-06-02T13:17:13.460215,user_30,sess_4853,checkout,,purchase
2025-06-01T19:28:43.460215,user_55,sess_7902,checkout,,purchase
2025-06-02T06:20:39.460215,user_89,sess_5957,checkout,,abandon
2025-06-02T04:38:09.460215,user_19,sess_4720,checkout,,abandon
2025-06-02T02:56:43.460215,user_66,sess_5754,checkout,,click
2025-06-02T02:43:25.460215,user_88,sess_9419,checkout,,click
2025-06-02T14:12:22.460215,user_7,sess_8229,checkout,,click
2025-06-02T11:43:43.460215,user_26,sess_2569,checkout,,abandon
2025-06-01T22:55:41.460215,user_92,sess_6154,checkout,,abandon
2025-06-01T21:26:38.460215,user_32,sess_4522,checkout,,click
2025-06-01T23:20:45.460215,user_41,sess_8538,checkout,,abandon
2025-06-02T13:20:17.460215,user_70,sess_2151,checkout,,purchase
2025-06-02T15:52:22.460215,user_56,sess_3368,checkout,,abandon
2025-06-02T03:11:56.460215,user_41,sess_6114,checkout,,click
2025-06-02T04:56:51.460215,user_33,sess_3009,checkout,,click
2025-06-01T21:27:22.460215,user_92,sess_4165,checkout,,click
2025-06-02T04:20:34.460215,user_23,sess_1668,checkout,,purchase
2025-06-02T10:02:03.460215,user_8,sess_8392,checkout,,purchase
2025-06-02T04:07:27.460215,user_3,sess_4856,checkout,,click
2025-06-02T05:29:01.460215,user_51,sess_3643,checkout,,purchase
2025-06-02T08:36:52.460215,user_42,sess_4532,checkout,,purchase
2025-06-02T01:56:20.460215,user_48,sess_5235,checkout,,abandon
2025-06-02T15:45:18.460215,user_97,sess_9398,checkout,,purchase
2025-06-01T20:26:21.460215,user_49,sess_5793,checkout,,abandon
2025-06-02T13:20:39.460215,user_3,sess_4887,checkout,,click
2025-06-02T17:35:21.460215,user_43,sess_6343,checkout,,purchase
2025-06-02T12:54:26.460215,user_94,sess_8181,checkout,,click
2025-06-02T17:50:44.460215,user_19,sess_6616,checkout,,abandon
2025-06-02T11:33:48.460215,user_63,sess_3566,checkout,,click
2025-06-02T09:21:22.460215,user_32,sess_2409,checkout,,click
2025-06-02T03:38:01.460215,user_7,sess_9287,checkout,,purchase
2025-06-02T13:53:53.460215,user_47,sess_9093,checkout,,abandon
2025-06-02T12:25:36.460215,user_30,sess_3260,checkout,,abandon
2025-06-02T00:55:54.460215,user_58,sess_4821,checkout,,purchase
2025-06-02T07:29:40.460215,user_22,sess_4767,checkout,,abandon
2025-06-02T12:16:24.460215,user_93,sess_7875,checkout,,purchase
2025-06-02T12:57:44.460215,user_3,sess_5669,checkout,,abandon
2025-06-01T22:28:13.460215,user_74,sess_3324,checkout,,click
2025-06-02T15:17:27.460215,user_33,sess_1355,checkout,,click
2025-06-02T08:56:19.460215,user_84,sess_8221,checkout,,abandon
2025-06-02T01:54:31.460215,user_77,sess_8107,checkout,,click
2025-06-02T05:11:53.460215,user_31,sess_6506,checkout,,purchase
2025-06-02T04:56:46.460215,user_53,sess_2260,checkout,,click
2025-06-02T09:09:16.460215,user_5,sess_8082,checkout,,abandon
2025-06-02T08:38:49.460215,user_49,sess_7581,checkout,,click
2025-06-02T12:07:25.460215,user_98,sess_5875,checkout,,abandon
2025-06-01T21:50:04.460215,user_53,sess_1198,checkout,,click
2025-06-02T08:14:46.460215,user_57,sess_2564,checkout,,click
2025-06-02T04:25:13.460215,user_9,sess_3200,checkout,,abandon
2025-06-02T12:42:26.460215,user_91,sess_8864,checkout,,click
2025-06-02T03:41:29.460215,user_99,sess_7942,checkout,,click
2025-06-01T22:39:21.460215,user_60,sess_6889,checkout,,click
2025-06-02T07:32:52.460215,user_14,sess_3944,checkout,,purchase
2025-06-02T15:49:43.460215,user_93,sess_8039,checkout,,abandon
2025-06-02T06:06:11.460215,user_57,sess_1232,checkout,,click
2025-06-02T17:37:23.460215,user_34,sess_3629,checkout,,purchase
2025-06-02T09:39:41.460215,user_91,sess_5085,checkout,,purchase
2025-06-02T07:00:21.460215,user_53,sess_6618,checkout,,abandon
2025-06-02T05:18:15.460215,user_13,sess_8468,checkout,,purchase
2025-06-02T02:43:26.460215,user_97,sess_2931,checkout,,abandon
2025-06-01T21:39:45.460215,user_27,sess_1154,checkout,,purchase
2025-06-01T18:53:38.460215,user_37,sess_8205,checkout,,click
2025-06-02T15:31:14.460215,user_22,sess_8686,checkout,,purchase
2025-06-02T12:01:56.460215,user_71,sess_7124,checkout,,click
2025-06-01T20:35:06.460215,user_13,sess_5188,checkout,,abandon
2025-06-01T19:59:19.460215,user_75,sess_6888,checkout,,abandon
2025-06-02T14:48:25.460215,user_80,sess_8071,checkout,,abandon
2025-06-02T11:25:26.460215,user_57,sess_3282,checkout,,purchase
2025-06-02T14:56:13.460215,user_15,sess_3217,checkout,,abandon
2025-06-01T18:49:51.460215,user_39,sess_4727,checkout,,abandon
2025-06-02T04:36:29.460215,user_12,sess_6547,checkout,,abandon
2025-06-02T02:16:41.460215,user_21,sess_4780,checkout,,purchase
2025-06-02T12:51:50.460215,user_88,sess_2738,checkout,,click
2025-06-02T03:57:48.460215,user_10,sess_1372,checkout,,purchase
2025-06-01T19:14:44.460215,user_14,sess_7763,checkout,,click
2025-06-02T11:49:40.460215,user_50,sess_7176,checkout,,click
2025-06-02T18:19:48.460215,user_68,sess_1529,checkout,,purchase
2025-06-01T22:44:01.460215,user_43,sess_3287,checkout,,purchase
2025-06-01T23:16:53.460215,user_5,sess_1394,checkout,,purchase
2025-06-01T20:39:22.460215,user_41,sess_4106,checkout,,click
2025-06-02T01:25:27.460215,user_51,sess_9838,checkout,,abandon
2025-06-02T04:59:31.460215,user_34,sess_8555,checkout,,purchase
2025-06-02T08:13:51.460215,user_2,sess_5806,checkout,,click
2025-06-02T06:19:39.460215,user_46,sess_8050,checkout,,purchase
2025-06-01T19:28:08.460215,user_81,sess_1511,checkout,,click
2025-06-02T02:43:27.460215,user_60,sess_9160,checkout,,click
2025-06-01T23:37:49.460215,user_24,sess_3875,checkout,,purchase
2025-06-02T03:00:40.460215,user_67,sess_4867,checkout,,abandon
2025-06-01T22:41:29.460215,user_38,sess_2029,checkout,,click
2025-06-02T06:34:26.460215,user_91,sess_9792,checkout,,abandon
2025-06-02T09:16:06.460215,user_60,sess_1957,checkout,,purchase
2025-06-02T13:06:15.460215,user_44,sess_4504,checkout,,abandon
2025-06-01T19:29:31.460215,user_87,sess_7892,checkout,,abandon
2025-06-02T17:04:37.460215,user_38,sess_8906,checkout,,abandon
2025-06-02T12:28:47.460215,user_83,sess_3282,checkout,,click
2025-06-02T16:01:28.460215,user_25,sess_5440,checkout,,abandon
2025-06-02T10:58:56.460215,user_37,sess_1217,checkout,,click
2025-06-02T17:06:56.460215,user_93,sess_4881,checkout,,abandon
2025-06-02T00:19:37.460215,user_10,sess_4387,checkout,,abandon
2025-06-01T20:13:16.460215,user_40,sess_8614,checkout,,purchase
2025-06-02T00:21:13.460215,user_99,sess_3939,checkout,,click
2025-06-02T01:10:56.460215,user_65,sess_6365,checkout,,abandon
2025-06-02T05:58:13.460215,user_39,sess_4229,checkout,,abandon
2025-06-01T19:32:32.460215,user_85,sess_9049,checkout,,click
2025-06-01T21:56:53.460215,user_42,sess_8360,checkout,,abandon
2025-06-02T05:33:41.460215,user_20,sess_5406,checkout,,click
2025-06-02T08:23:41.460215,user_52,sess_6258,checkout,,abandon
2025-06-01T22:55:35.460215,user_91,sess_9753,checkout,,click
2025-06-02T00:16:29.460215,user_26,sess_5945,checkout,,purchase
2025-06-02T17:19:19.460215,user_46,sess_6306,checkout,,click
2025-06-02T01:26:41.460215,user_35,sess_1474,checkout,,abandon
2025-06-01T21:04:31.460215,user_75,sess_7053,checkout,,abandon
2025-06-02T07:46:12.460215,user_94,sess_4943,checkout,,purchase
2025-06-02T17:44:32.460215,user_1,sess_7445,checkout,,abandon
2025-06-01T20:23:11.460215,user_50,sess_2788,checkout,,purchase
2025-06-02T00:40:07.460215,user_14,sess_5150,checkout,,abandon
2025-06-01T20:29:33.460215,user_77,sess_4295,checkout,,click
2025-06-01T23:53:03.460215,user_13,sess_3444,checkout,,abandon
2025-06-01T23:42:53.460215,user_16,sess_5907,checkout,,abandon
2025-06-02T18:25:34.460215,user_8,sess_7693,checkout,,click
2025-06-02T01:24:34.460215,user_38,sess_8472,checkout,,click
2025-06-01T23:50:01.460215,user_40,sess_2558,checkout,,purchase
2025-06-02T10:32:42.460215,user_100,sess_9126,checkout,,click
2025-06-02T00:36:19.460215,user_27,sess_6121,checkout,,purchase
2025-06-02T18:07:02.460215,user_62,sess_3931,checkout,,abandon
2025-06-02T01:46:54.460215,user_84,sess_6863,checkout,,purchase
2025-06-02T09:14:48.460215,user_59,sess_6950,checkout,,click
2025-06-02T08:09:24.460215,user_50,sess_2712,checkout,,purchase
2025-06-02T11:51:25.460215,user_75,sess_8173,checkout,,click
2025-06-01T21:04:33.460215,user_36,sess_1412,checkout,,click
2025-06-01T21:40:13.460215,user_26,sess_3185,checkout,,click
2025-06-02T02:09:09.460215,user_57,sess_8074,checkout,,abandon
2025-06-02T14:53:41.460215,user_79,sess_2079,checkout,,abandon
2025-06-02T03:19:48.460215,user_100,sess_5934,checkout,,purchase
2025-06-02T04:10:43.460215,user_86,sess_4955,checkout,,purchase
2025-06-02T17:38:41.460215,user_86,sess_6832,checkout,,purchase
2025-06-02T02:28:46.460215,user_85,sess_5619,checkout,,abandon
2025-06-02T01:50:11.460215,user_67,sess_6745,checkout,,purchase
2025-06-02T08:19:23.460215,user_64,sess_7067,checkout,,purchase
2025-06-02T11:48:28.460215,user_37,sess_3911,checkout,,abandon
2025-06-02T09:29:52.460215,user_85,sess_3433,checkout,,click
2025-06-02T15:53:54.460215,user_7,sess_6585,checkout,,abandon
2025-06-01T20:01:49.460215,user_81,sess_1328,checkout,,click
2025-06-01T20:21:54.460215,user_38,sess_8524,checkout,,abandon
2025-06-02T07:32:42.460215,user_6,sess_8160,checkout,,purchase
2025-06-01T20:55:43.460215,user_43,sess_4285,checkout,,abandon
2025-06-02T12:03:41.460215,user_92,sess_2934,checkout,,abandon
2025-06-01T21:15:22.460215,user_99,sess_6057,checkout,,purchase
2025-06-01T20:09:45.460215,user_13,sess_7442,checkout,,click
2025-06-02T03:19:56.460215,user_4,sess_8982,checkout,,abandon
2025-06-02T03:56:10.460215,user_13,sess_6860,checkout,,click
2025-06-02T08:57:14.460215,user_35,sess_7399,checkout,,abandon
2025-06-02T00:44:17.460215,user_89,sess_4530,checkout,,purchase
2025-06-02T14:35:06.460215,user_95,sess_5187,checkout,,purchase
2025-06-01T23:33:05.460215,user_76,sess_7107,checkout,,purchase
2025-06-02T06:38:13.460215,user_89,sess_1543,checkout,,abandon
2025-06-02T10:52:25.460215,user_4,sess_1539,checkout,,purchase
2025-06-02T10:19:51.460215,user_31,sess_2320,checkout,,click
2025-06-02T14:22:50.460215,user_96,sess_4389,checkout,,purchase
2025-06-02T10:37:41.460215,user_81,sess_1971,checkout,,abandon
2025-06-02T09:22:07.460215,user_77,sess_4458,checkout,,abandon
2025-06-02T01:09:23.460215,user_91,sess_1052,checkout,,click
2025-06-02T05:57:28.460215,user_44,sess_2129,checkout,,abandon
2025-06-02T14:53:36.460215,user_42,sess_1147,checkout,,purchase
2025-06-02T05:45:28.460215,user_22,sess_5808,checkout,,abandon
2025-06-02T11:33:29.460215,user_3,sess_6811,checkout,,abandon
2025-06-02T12:40:01.460215,user_20,sess_6618,checkout,,abandon
2025-06-02T07:34:46.460215,user_86,sess_8279,checkout,,purchase
2025-06-01T19:18:37.460215,user_62,sess_4517,checkout,,click
2025-06-02T01:53:41.460215,user_25,sess_7886,checkout,,purchase
2025-06-02T13:15:35.460215,user_70,sess_2718,checkout,,purchase
2025-06-02T18:15:16.460215,user_14,sess_2388,checkout,,purchase
2025-06-02T06:37:30.460215,user_9,sess_9756,checkout,,abandon
2025-06-02T07:23:31.460215,user_24,sess_5385,checkout,,abandon
2025-06-02T04:43:16.460215,user_66,sess_1839,checkout,,click
2025-06-02T14:45:17.460215,user_59,sess_1326,checkout,,purchase
2025-06-02T00:15:05.460215,user_67,sess_7304,checkout,,purchase
2025-06-02T11:45:23.460215,user_91,sess_2102,checkout,,purchase
2025-06-02T04:15:57.460215,user_79,sess_8837,checkout,,abandon
2025-06-02T11:53:46.460215,user_75,sess_2736,checkout,,abandon
2025-06-01T23:40:39.460215,user_57,sess_7241,checkout,,purchase
2025-06-02T15:22:11.460215,user_77,sess_4227,checkout,,click
2025-06-01T18:49:57.460215,user_70,sess_1402,checkout,,abandon
2025-06-02T02:08:29.460215,user_20,sess_8694,checkout,,purchase
2025-06-02T13:38:51.460215,user_26,sess_2302,checkout,,abandon
2025-06-01T23:34:44.460215,user_53,sess_3146,checkout,,purchase
2025-06-02T18:10:17.460215,user_59,sess_8919,checkout,,abandon
2025-06-02T14:56:06.460215,user_53,sess_7507,checkout,,click
2025-06-01T19:27:49.460215,user_95,sess_3824,checkout,,purchase
2025-06-02T11:44:05.460215,user_28,sess_1646,checkout,,abandon
2025-06-02T00:06:56.460215,user_8,sess_7075,checkout,,purchase
2025-06-02T16:39:45.460215,user_55,sess_5701,checkout,,purchase
2025-06-02T13:38:54.460215,user_45,sess_7384,checkout,,click
2025-06-01T22:41:22.460215,user_89,sess_4082,checkout,,purchase
2025-06-02T00:56:37.460215,user_58,sess_4639,checkout,,purchase
2025-06-02T00:56:44.460215,user_15,sess_8475,checkout,,abandon
2025-06-02T18:30:43.460215,user_30,sess_9194,checkout,,click
2025-06-02T04:19:22.460215,user_16,sess_9107,checkout,,abandon
2025-06-02T09:05:10.460215,user_80,sess_6409,checkout,,abandon
2025-06-02T01:07:18.460215,user_15,sess_2753,checkout,,abandon
2025-06-01T21:45:37.460215,user_36,sess_3723,checkout,,click
2025-06-02T09:15:28.460215,user_43,sess_4667,checkout,,abandon
2025-06-02T07:37:27.460215,user_30,sess_7002,checkout,,abandon
2025-06-02T12:47:52.460215,user_94,sess_2217,checkout,,abandon
2025-06-02T00:38:58.460215,user_18,sess_6887,checkout,,purchase
2025-06-01T22:48:18.460215,user_83,sess_1554,checkout,,click
2025-06-01T21:03:23.460215,user_40,sess_2887,checkout,,click
2025-06-02T00:50:46.460215,user_40,sess_5920,checkout,,abandon
2025-06-02T06:45:44.460215,user_80,sess_2287,checkout,,click
2025-06-02T14:47:39.460215,user_100,sess_2583,checkout,,purchase
2025-06-02T16:20:29.460215,user_45,sess_1281,checkout,,click
2025-06-01T20:00:51.460215,user_73,sess_8977,checkout,,purchase
2025-06-02T15:06:34.460215,user_21,sess_9096,checkout,,click
2025-06-02T02:20:06.460215,user_76,sess_4192,checkout,,purchase
2025-06-02T09:53:29.460215,user_100,sess_1528,checkout,,click
2025-06-02T05:49:41.460215,user_92,sess_1264,checkout,,purchase
2025-06-02T13:45:11.460215,user_40,sess_2661,checkout,,abandon
2025-06-02T07:13:22.460215,user_84,sess_7283,checkout,,purchase
2025-06-02T07:16:48.460215,user_75,sess_9255,checkout,,abandon
2025-06-01T22:41:15.460215,user_38,sess_2725,checkout,,abandon
2025-06-02T15:22:42.460215,user_78,sess_4059,checkout,,purchase
2025-06-02T16:16:06.460215,user_2,sess_3970,checkout,,click
2025-06-02T10:15:44.460215,user_69,sess_4388,checkout,,abandon
2025-06-02T10:37:52.460215,user_63,sess_7491,checkout,,purchase
2025-06-02T00:45:59.460215,user_99,sess_6870,checkout,,purchase
2025-06-02T03:26:38.460215,user_88,sess_6893,checkout,,purchase
2025-06-02T04:57:39.460215,user_75,sess_1792,checkout,,purchase
2025-06-02T12:19:49.460215,user_37,sess_5397,checkout,,purchase
2025-06-02T17:07:49.460215,user_56,sess_1676,checkout,,click
2025-06-02T05:41:00.460215,user_46,sess_4492,checkout,,click
2025-06-02T18:10:33.460215,user_9,sess_5761,checkout,,click
2025-06-02T03:01:37.460215,user_93,sess_9882,checkout,,purchase
2025-06-02T17:03:16.460215,user_14,sess_6466,checkout,,click
2025-06-02T14:39:06.460215,user_81,sess_2575,checkout,,purchase
2025-06-01T21:27:10.460215,user_98,sess_1347,checkout,,click
2025-06-02T07:15:09.460215,user_89,sess_6971,checkout,,click
2025-06-02T02:21:09.460215,user_2,sess_2428,checkout,,abandon
2025-06-01T22:45:24.460215,user_59,sess_5796,checkout,,abandon
2025-06-01T20:46:59.460215,user_63,sess_3948,checkout,,click
2025-06-01T23:00:48.460215,user_89,sess_2977,checkout,,click
2025-06-02T08:03:38.460215,user_37,sess_9777,checkout,,click
2025-06-02T17:31:18.460215,user_46,sess_6028,checkout,,purchase
2025-06-02T11:10:31.460215,user_72,sess_5247,checkout,,click
2025-06-02T17:04:09.460215,user_14,sess_6437,checkout,,purchase
2025-06-02T12:29:54.460215,user_97,sess_9389,checkout,,click
2025-06-02T13:05:47.460215,user_86,sess_6273,checkout,,purchase
2025-06-02T07:20:30.460215,user_38,sess_9502,checkout,,abandon
2025-06-02T13:08:09.460215,user_78,sess_7024,checkout,,purchase
2025-06-01T19:16:01.460215,user_96,sess_2721,checkout,,purchase
2025-06-02T06:00:59.460215,user_50,sess_9016,checkout,,click
2025-06-02T08:42:56.460215,user_64,sess_3229,checkout,,click
2025-06-02T18:09:29.460215,user_77,sess_1201,checkout,,purchase
2025-06-02T15:00:42.460215,user_60,sess_2545,checkout,,abandon
2025-06-02T04:08:07.460215,user_51,sess_2599,checkout,,abandon
2025-06-02T18:12:44.460215,user_95,sess_6523,checkout,,purchase
2025-06-02T15:13:54.460215,user_13,sess_9618,checkout,,click
2025-06-02T09:08:54.460215,user_67,sess_4281,checkout,,abandon
2025-06-02T06:59:19.460215,user_6,sess_5545,checkout,,purchase
2025-06-02T14:40:16.460215,user_26,sess_5804,checkout,,purchase
2025-06-02T10:36:16.460215,user_34,sess_5986,checkout,,click
2025-06-02T00:08:25.460215,user_59,sess_3750,checkout,,click
2025-06-01T19:21:45.460215,user_27,sess_2585,checkout,,click
2025-06-01T21:55:48.460215,user_77,sess_7651,checkout,,abandon
2025-06-02T13:42:54.460215,user_53,sess_1259,checkout,,click
2025-06-02T01:45:53.460215,user_92,sess_5356,checkout,,purchase
2025-06-02T14:39:47.460215,user_51,sess_6547,checkout,,purchase
2025-06-02T16:06:27.460215,user_10,sess_8973,checkout,,click
2025-06-02T11:14:36.460215,user_9,sess_4150,checkout,,abandon
2025-06-02T05:37:01.460215,user_51,sess_4532,checkout,,purchase
2025-06-02T08:07:12.460215,user_11,sess_3737,checkout,,abandon
2025-06-02T16:00:30.460215,user_67,sess_2615,checkout,,purchase
2025-06-02T01:38:32.460215,user_82,sess_4034,checkout,,purchase
2025-06-01T22:47:22.460215,user_76,sess_8220,checkout,,abandon
2025-06-02T04:33:22.460215,user_93,sess_7594,checkout,,click
2025-06-01T21:50:30.460215,user_36,sess_9706,checkout,,abandon
2025-06-02T18:02:54.460215,user_89,sess_4032,checkout,,purchase
2025-06-02T14:21:48.460215,user_69,sess_3968,checkout,,purchase
2025-06-02T12:29:21.460215,user_36,sess_1736,checkout,,purchase
2025-06-02T07:32:19.460215,user_42,sess_9845,checkout,,click
2025-06-02T07:37:32.460215,user_20,sess_7123,checkout,,purchase
2025-06-02T13:16:14.460215,user_6,sess_6159,checkout,,purchase
2025-06-02T13:24:21.460215,user_3,sess_1531,checkout,,purchase
2025-06-02T07:12:13.460215,user_43,sess_5614,checkout,,click
2025-06-02T01:43:14.460215,user_24,sess_7140,checkout,,purchase
2025-06-02T16:11:36.460215,user_23,sess_1631,checkout,,click
2025-06-02T10:52:17.460215,user_9,sess_7295,checkout,,abandon
2025-06-02T12:58:54.460215,user_6,sess_7294,checkout,,abandon
2025-06-02T05:16:20.460215,user_83,sess_1612,checkout,,click
2025-06-02T13:31:41.460215,user_6,sess_4689,checkout,,purchase
2025-06-02T04:36:59.460215,user_9,sess_2558,checkout,,click
2025-06-02T13:10:23.460215,user_10,sess_1433,checkout,,purchase
2025-06-02T05:17:19.460215,user_19,sess_8914,checkout,,click
2025-06-02T13:18:02.460215,user_72,sess_5856,checkout,,purchase
2025-06-02T05:55:50.460215,user_54,sess_9408,checkout,,abandon
2025-06-02T08:02:31.460215,user_73,sess_4734,checkout,,abandon
2025-06-02T15:20:14.460215,user_55,sess_3022,checkout,,click
2025-06-02T06:04:54.460215,user_29,sess_1747,checkout,,purchase
2025-06-02T04:39:10.460215,user_2,sess_3164,checkout,,purchase
2025-06-02T16:42:05.460215,user_47,sess_6212,checkout,,abandon
2025-06-02T00:48:35.460215,user_38,sess_9616,checkout,,purchase
2025-06-02T08:19:55.460215,user_35,sess_5938,checkout,,purchase
2025-06-01T21:00:08.460215,user_78,sess_3732,checkout,,click
2025-06-02T17:50:49.460215,user_43,sess_7729,checkout,,abandon
2025-06-02T10:45:54.460215,user_81,sess_6761,checkout,,purchase
2025-06-01T21:32:14.460215,user_35,sess_3753,checkout,,abandon
2025-06-01T21:38:44.460215,user_66,sess_6030,checkout,,purchase
2025-06-01T19:33:21.460215,user_21,sess_4225,checkout,,click
2025-06-02T16:11:44.460215,user_20,sess_1401,checkout,,purchase
2025-06-01T20:22:58.460215,user_26,sess_7902,checkout,,abandon
2025-06-02T03:42:20.460215,user_35,sess_7046,checkout,,purchase
2025-06-02T02:31:37.460215,user_26,sess_7968,checkout,,click
2025-06-02T16:25:33.460215,user_91,sess_1963,checkout,,purchase
2025-06-02T15:50:37.460215,user_43,sess_4698,checkout,,abandon
2025-06-02T15:02:54.460215,user_41,sess_1529,checkout,,purchase
2025-06-02T07:33:59.460215,user_6,sess_4470,checkout,,purchase
2025-06-02T04:15:59.460215,user_4,sess_1770,checkout,,click
2025-06-01T19:55:12.460215,user_79,sess_2512,checkout,,abandon
2025-06-02T11:37:52.460215,user_63,sess_5390,checkout,,abandon
2025-06-01T22:25:04.460215,user_76,sess_4075,checkout,,purchase
2025-06-01T19:05:28.460215,user_57,sess_3836,checkout,,click
2025-06-02T10:14:23.460215,user_77,sess_3026,checkout,,purchase
2025-06-02T16:17:11.460215,user_86,sess_1513,checkout,,abandon
2025-06-01T22:14:17.460215,user_79,sess_9190,checkout,,abandon
2025-06-02T12:00:31.460215,user_30,sess_4689,checkout,,click
2025-06-02T07:43:14.460215,user_69,sess_3476,checkout,,click
2025-06-01T19:57:38.460215,user_27,sess_5087,checkout,,abandon
2025-06-01T22:01:01.460215,user_14,sess_1761,checkout,,purchase
2025-06-01T19:13:31.460215,user_72,sess_6091,checkout,,click
2025-06-02T05:36:30.460215,user_73,sess_7304,checkout,,abandon
